[
  {
    "id": "12801bde-eac4-4fcc-895a-9656e42e6ab9",
    "companyId": "4cb8a69d-c5bd-48bf-8826-b053791ba912",
    "employeeId": "e068e2f4-235a-473b-802a-787132325701",
    "amount": "1000000",
    "reason": "Immediate Advance - 3 Months (Installments)",
    "requestDate": "2026-02-13T22:18:43.620Z",
    "approvedDate": "2026-02-13T22:18:43.620Z",
    "approvedBy": "admin@islandhr.com",
    "status": "PAID",
    "paymentDate": "2026-02-13T22:18:43.580Z",
    "deductionStart": null,
    "installments": null,
    "createdAt": "2026-02-13T22:18:43.622Z",
    "updatedAt": "2026-02-13T22:18:43.622Z"
  },
  {
    "id": "521204c7-b1ef-4231-8095-d57f4b551a45",
    "companyId": "4cb8a69d-c5bd-48bf-8826-b053791ba912",
    "employeeId": "2184ed4b-4ee7-453a-a305-9a3d5d945066",
    "amount": "50000",
    "reason": "Immediate Advance - 3 Months (Installments)",
    "requestDate": "2026-02-13T22:16:06.920Z",
    "approvedDate": "2026-02-13T22:16:06.920Z",
    "approvedBy": "admin@islandhr.com",
    "status": "PAID",
    "paymentDate": "2026-02-13T22:16:06.813Z",
    "deductionStart": null,
    "installments": null,
    "createdAt": "2026-02-13T22:16:06.922Z",
    "updatedAt": "2026-02-13T22:16:06.922Z"
  },
  {
    "id": "ce7ec2d4-29ab-43d7-9ba1-f9eac6201bef",
    "companyId": "4cb8a69d-c5bd-48bf-8826-b053791ba912",
    "employeeId": "e068e2f4-235a-473b-802a-787132325701",
    "amount": "5000",
    "reason": "Immediate Advance - 1 Month (Full Deduction)",
    "requestDate": "2026-02-13T22:14:30.976Z",
    "approvedDate": "2026-02-13T22:14:30.976Z",
    "approvedBy": "admin@islandhr.com",
    "status": "PAID",
    "paymentDate": "2026-02-13T22:14:30.862Z",
    "deductionStart": null,
    "installments": null,
    "createdAt": "2026-02-13T22:14:30.979Z",
    "updatedAt": "2026-02-13T22:14:30.979Z"
  },
  {
    "id": "fc6851b7-29d6-41b5-8d10-c47b027a167e",
    "companyId": "4cb8a69d-c5bd-48bf-8826-b053791ba912",
    "employeeId": "2184ed4b-4ee7-453a-a305-9a3d5d945066",
    "amount": "50",
    "reason": "Advance Payment - 1 Month (Full Deduction)",
    "requestDate": "2026-02-13T22:34:15.166Z",
    "approvedDate": null,
    "approvedBy": null,
    "status": "PENDING",
    "paymentDate": null,
    "deductionStart": null,
    "installments": null,
    "createdAt": "2026-02-13T22:34:15.168Z",
    "updatedAt": "2026-02-13T22:34:15.168Z"
  },
  {
    "id": "fd5c227f-229c-4327-a858-8a3c5dbae28f",
    "companyId": "4cb8a69d-c5bd-48bf-8826-b053791ba912",
    "employeeId": "e068e2f4-235a-473b-802a-787132325701",
    "amount": "5000",
    "reason": "Immediate Advance - 2 Months (Split 50/50)",
    "requestDate": "2026-02-13T22:14:46.570Z",
    "approvedDate": "2026-02-13T22:14:46.570Z",
    "approvedBy": "admin@islandhr.com",
    "status": "PAID",
    "paymentDate": "2026-02-13T22:14:46.526Z",
    "deductionStart": null,
    "installments": null,
    "createdAt": "2026-02-13T22:14:46.573Z",
    "updatedAt": "2026-02-13T22:14:46.573Z"
  }
]
