[
  {
    "id": "c50e3739-5c35-44f6-86fd-0e7a7f511bda",
    "companyId": "4cb8a69d-c5bd-48bf-8826-b053791ba912",
    "employeeId": "b85841e3-0ffa-4e88-834c-75ff43709c15",
    "bankName": "BNS",
    "accountNumber": "445566",
    "accountName": "MIKE ROSS",
    "amount": "195000",
    "reference": "RED-b85841e3-1771022691978",
    "transferDate": "2026-02-13T22:44:51.978Z",
    "status": "PENDING",
    "batchId": null,
    "processedAt": null,
    "createdAt": "2026-02-13T22:44:51.980Z",
    "updatedAt": "2026-02-13T22:44:51.980Z"
  }
]
