[
  {
    "id": "4cb8a69d-c5bd-48bf-8826-b053791ba912",
    "name": "Island HR Solution",
    "code": "C001",
    "address": "123 Main St, Kingston, Jamaica",
    "phone": "876-555-0100",
    "email": "contact@islandhr.com",
    "logo": null,
    "bankName": "Scotiabank (BNS)",
    "bankAccount": "90021-34982",
    "createdAt": "2026-02-13T19:21:53.512Z",
    "updatedAt": "2026-02-13T22:52:57.880Z",
    "payFrequency": "Monthly",
    "trn": "",
    "settings": {
      "nisNumber": "",
      "website": "",
      "sector": "Private",
      "currency": "JMD",
      "fiscalYearStart": "January",
      "incomeTaxThreshold": "1500000",
      "nisRateEE": "3.0",
      "nisRateER": "3.0",
      "nhtRateEE": "2.0",
      "nhtRateER": "3.0",
      "educationTaxEE": "2.25",
      "educationTaxER": "3.5",
      "incomeTaxRate": "25.0",
      "highIncomeTaxRate": "30.0",
      "highIncomeThreshold": "6000000",
      "autoEmailSlips": true,
      "passwordProtectSlips": true,
      "payslipPasswordType": "TRN",
      "roundNetPay": true
    }
  }
]
