[
  {
    "id": "0b4a22ac-3c47-48f9-a9c4-8289be4edf33",
    "employeeId": "EMP401",
    "firstName": "DIANA",
    "lastName": "PRINCE",
    "middleName": null,
    "email": "diana.prince@islandhr.com",
    "phone": null,
    "dob": null,
    "gender": null,
    "maritalStatus": null,
    "street": null,
    "city": null,
    "parish": null,
    "country": "Jamaica",
    "trn": null,
    "nisNumber": null,
    "nhtNumber": null,
    "emergencyName": null,
    "emergencyRelationship": null,
    "emergencyPhone": null,
    "designation": null,
    "joinDate": null,
    "status": "Active",
    "employmentType": "Full-Time",
    "payFrequency": "Monthly",
    "currency": "JMD",
    "paymentMethod": "Bank Transfer",
    "bankName": "SAGICOR",
    "bankAccount": "990011",
    "salaryType": "Salaried",
    "baseSalary": "230000",
    "hourlyRate": "0",
    "lunchAllowance": "0",
    "travelAllowance": "0",
    "healthInsurance": "0",
    "pensionPercent": "0",
    "unionDues": "0",
    "departmentId": "6d022a6c-6f77-4123-a799-b61be1c9d0ec",
    "companyId": "4cb8a69d-c5bd-48bf-8826-b053791ba912",
    "createdAt": "2026-02-13T19:21:54.574Z",
    "updatedAt": "2026-02-13T19:21:54.574Z"
  },
  {
    "id": "2184ed4b-4ee7-453a-a305-9a3d5d945066",
    "employeeId": "EMP105",
    "firstName": "NATASHA",
    "lastName": "ROMANOFF",
    "middleName": null,
    "email": "natasha.romanoff@islandhr.com",
    "phone": null,
    "dob": null,
    "gender": null,
    "maritalStatus": null,
    "street": null,
    "city": null,
    "parish": null,
    "country": "Jamaica",
    "trn": null,
    "nisNumber": null,
    "nhtNumber": null,
    "emergencyName": null,
    "emergencyRelationship": null,
    "emergencyPhone": null,
    "designation": null,
    "joinDate": null,
    "status": "Active",
    "employmentType": "Full-Time",
    "payFrequency": "Monthly",
    "currency": "JMD",
    "paymentMethod": "Bank Transfer",
    "bankName": "BNS",
    "bankAccount": "334455",
    "salaryType": "Salaried",
    "baseSalary": "215000",
    "hourlyRate": "0",
    "lunchAllowance": "0",
    "travelAllowance": "0",
    "healthInsurance": "0",
    "pensionPercent": "0",
    "unionDues": "0",
    "departmentId": "04b4a3da-454a-440b-814e-fcfc30fe6be2",
    "companyId": "4cb8a69d-c5bd-48bf-8826-b053791ba912",
    "createdAt": "2026-02-13T19:21:54.789Z",
    "updatedAt": "2026-02-13T19:21:54.789Z"
  },
  {
    "id": "27fda983-3c4e-4da3-867c-16bcc8a9539e",
    "employeeId": "EMP305",
    "firstName": "RACHEL",
    "lastName": "ZANE",
    "middleName": null,
    "email": "rachel.zane@islandhr.com",
    "phone": null,
    "dob": null,
    "gender": null,
    "maritalStatus": null,
    "street": null,
    "city": null,
    "parish": null,
    "country": "Jamaica",
    "trn": null,
    "nisNumber": null,
    "nhtNumber": null,
    "emergencyName": null,
    "emergencyRelationship": null,
    "emergencyPhone": null,
    "designation": null,
    "joinDate": null,
    "status": "Active",
    "employmentType": "Full-Time",
    "payFrequency": "Monthly",
    "currency": "JMD",
    "paymentMethod": "Bank Transfer",
    "bankName": "JN",
    "bankAccount": "112233",
    "salaryType": "Salaried",
    "baseSalary": "210000",
    "hourlyRate": "0",
    "lunchAllowance": "0",
    "travelAllowance": "0",
    "healthInsurance": "0",
    "pensionPercent": "0",
    "unionDues": "0",
    "departmentId": "89ce1733-908b-4bf7-915d-b83a55941908",
    "companyId": "4cb8a69d-c5bd-48bf-8826-b053791ba912",
    "createdAt": "2026-02-13T19:21:54.239Z",
    "updatedAt": "2026-02-13T19:21:54.239Z"
  },
  {
    "id": "4182b401-857d-4802-9d5e-721f0587ca14",
    "employeeId": "EMP205",
    "firstName": "PETER",
    "lastName": "PARKER",
    "middleName": null,
    "email": "peter.parker@islandhr.com",
    "phone": null,
    "dob": null,
    "gender": null,
    "maritalStatus": null,
    "street": null,
    "city": "Kingston HQ",
    "parish": null,
    "country": "Jamaica",
    "trn": null,
    "nisNumber": null,
    "nhtNumber": null,
    "emergencyName": null,
    "emergencyRelationship": null,
    "emergencyPhone": null,
    "designation": "GRADE 3",
    "joinDate": null,
    "status": "Active",
    "employmentType": "Full-Time",
    "payFrequency": "Weekly",
    "currency": "JMD",
    "paymentMethod": "Bank Transfer",
    "bankName": "NCB",
    "bankAccount": "881122",
    "salaryType": "Salaried",
    "baseSalary": "165000",
    "hourlyRate": "0",
    "lunchAllowance": "0",
    "travelAllowance": "0",
    "healthInsurance": "0",
    "pensionPercent": "0",
    "unionDues": "0",
    "departmentId": "8a932ba0-3905-4c01-920b-502591156102",
    "companyId": "4cb8a69d-c5bd-48bf-8826-b053791ba912",
    "createdAt": "2026-02-13T19:21:54.287Z",
    "updatedAt": "2026-02-13T19:56:23.305Z"
  },
  {
    "id": "4fd411e0-990b-440b-82f8-8cc18b994df9",
    "employeeId": "EMP102",
    "firstName": "SARAH",
    "lastName": "SMITH",
    "middleName": null,
    "email": "sarah.smith@islandhr.com",
    "phone": null,
    "dob": null,
    "gender": null,
    "maritalStatus": null,
    "street": null,
    "city": "Montego Bay",
    "parish": null,
    "country": "Jamaica",
    "trn": null,
    "nisNumber": null,
    "nhtNumber": null,
    "emergencyName": null,
    "emergencyRelationship": null,
    "emergencyPhone": null,
    "designation": "GRADE 2",
    "joinDate": null,
    "status": "Active",
    "employmentType": "Full-Time",
    "payFrequency": "Monthly",
    "currency": "JMD",
    "paymentMethod": "Bank Transfer",
    "bankName": "NCB",
    "bankAccount": "998877",
    "salaryType": "Salaried",
    "baseSalary": "285000",
    "hourlyRate": "0",
    "lunchAllowance": "0",
    "travelAllowance": "0",
    "healthInsurance": "0",
    "pensionPercent": "0",
    "unionDues": "0",
    "departmentId": "04b4a3da-454a-440b-814e-fcfc30fe6be2",
    "companyId": "4cb8a69d-c5bd-48bf-8826-b053791ba912",
    "createdAt": "2026-02-13T19:21:54.055Z",
    "updatedAt": "2026-02-13T19:56:23.289Z"
  },
  {
    "id": "61f5b10b-f2ce-4f8f-aa4f-c933cf760798",
    "employeeId": "EMP306",
    "firstName": "CLARK",
    "lastName": "KENT",
    "middleName": null,
    "email": "clark.kent@islandhr.com",
    "phone": null,
    "dob": null,
    "gender": null,
    "maritalStatus": null,
    "street": null,
    "city": null,
    "parish": null,
    "country": "Jamaica",
    "trn": null,
    "nisNumber": null,
    "nhtNumber": null,
    "emergencyName": null,
    "emergencyRelationship": null,
    "emergencyPhone": null,
    "designation": null,
    "joinDate": null,
    "status": "Active",
    "employmentType": "Full-Time",
    "payFrequency": "Monthly",
    "currency": "JMD",
    "paymentMethod": "Bank Transfer",
    "bankName": "BNS",
    "bankAccount": "223344",
    "salaryType": "Salaried",
    "baseSalary": "180000",
    "hourlyRate": "0",
    "lunchAllowance": "0",
    "travelAllowance": "0",
    "healthInsurance": "0",
    "pensionPercent": "0",
    "unionDues": "0",
    "departmentId": "89ce1733-908b-4bf7-915d-b83a55941908",
    "companyId": "4cb8a69d-c5bd-48bf-8826-b053791ba912",
    "createdAt": "2026-02-13T19:21:54.381Z",
    "updatedAt": "2026-02-13T19:21:54.381Z"
  },
  {
    "id": "71a14dea-feeb-48f5-92e4-86ea11f03f90",
    "employeeId": "EMP402",
    "firstName": "STEVE",
    "lastName": "ROGERS",
    "middleName": null,
    "email": "steve.rogers@islandhr.com",
    "phone": null,
    "dob": null,
    "gender": null,
    "maritalStatus": null,
    "street": null,
    "city": null,
    "parish": null,
    "country": "Jamaica",
    "trn": null,
    "nisNumber": null,
    "nhtNumber": null,
    "emergencyName": null,
    "emergencyRelationship": null,
    "emergencyPhone": null,
    "designation": null,
    "joinDate": null,
    "status": "Active",
    "employmentType": "Full-Time",
    "payFrequency": "Monthly",
    "currency": "JMD",
    "paymentMethod": "Bank Transfer",
    "bankName": "NCB",
    "bankAccount": "667788",
    "salaryType": "Salaried",
    "baseSalary": "190000",
    "hourlyRate": "0",
    "lunchAllowance": "0",
    "travelAllowance": "0",
    "healthInsurance": "0",
    "pensionPercent": "0",
    "unionDues": "0",
    "departmentId": "6d022a6c-6f77-4123-a799-b61be1c9d0ec",
    "companyId": "4cb8a69d-c5bd-48bf-8826-b053791ba912",
    "createdAt": "2026-02-13T19:21:54.837Z",
    "updatedAt": "2026-02-13T19:21:54.837Z"
  },
  {
    "id": "7b33b83d-e292-4346-9802-d37d44238a06",
    "employeeId": "EMP104",
    "firstName": "TONY",
    "lastName": "STARK",
    "middleName": null,
    "email": "tony.stark@islandhr.com",
    "phone": null,
    "dob": null,
    "gender": null,
    "maritalStatus": null,
    "street": null,
    "city": null,
    "parish": null,
    "country": "Jamaica",
    "trn": null,
    "nisNumber": null,
    "nhtNumber": null,
    "emergencyName": null,
    "emergencyRelationship": null,
    "emergencyPhone": null,
    "designation": null,
    "joinDate": null,
    "status": "Active",
    "employmentType": "Full-Time",
    "payFrequency": "Monthly",
    "currency": "JMD",
    "paymentMethod": "Bank Transfer",
    "bankName": "CITIBANK",
    "bankAccount": "556677",
    "salaryType": "Salaried",
    "baseSalary": "350000",
    "hourlyRate": "0",
    "lunchAllowance": "0",
    "travelAllowance": "0",
    "healthInsurance": "0",
    "pensionPercent": "0",
    "unionDues": "0",
    "departmentId": "957bb60c-735b-4e9c-bae5-48325586fcdd",
    "companyId": "4cb8a69d-c5bd-48bf-8826-b053791ba912",
    "createdAt": "2026-02-13T19:21:54.740Z",
    "updatedAt": "2026-02-13T19:21:54.740Z"
  },
  {
    "id": "b85841e3-0ffa-4e88-834c-75ff43709c15",
    "employeeId": "EMP204",
    "firstName": "MIKE",
    "lastName": "ROSS",
    "middleName": null,
    "email": "mike.ross@islandhr.com",
    "phone": null,
    "dob": null,
    "gender": null,
    "maritalStatus": null,
    "street": null,
    "city": "Kingston HQ",
    "parish": null,
    "country": "Jamaica",
    "trn": null,
    "nisNumber": null,
    "nhtNumber": null,
    "emergencyName": null,
    "emergencyRelationship": null,
    "emergencyPhone": null,
    "designation": "GRADE 1",
    "joinDate": null,
    "status": "Terminated",
    "employmentType": "Full-Time",
    "payFrequency": "Monthly",
    "currency": "JMD",
    "paymentMethod": "Bank Transfer",
    "bankName": "BNS",
    "bankAccount": "445566",
    "salaryType": "Salaried",
    "baseSalary": "195000",
    "hourlyRate": "0",
    "lunchAllowance": "0",
    "travelAllowance": "0",
    "healthInsurance": "0",
    "pensionPercent": "0",
    "unionDues": "0",
    "departmentId": "8a932ba0-3905-4c01-920b-502591156102",
    "companyId": "4cb8a69d-c5bd-48bf-8826-b053791ba912",
    "createdAt": "2026-02-13T19:21:54.193Z",
    "updatedAt": "2026-02-13T22:44:51.974Z"
  },
  {
    "id": "e068e2f4-235a-473b-802a-787132325701",
    "employeeId": "EMP101",
    "firstName": "JOHN",
    "lastName": "DOE",
    "middleName": null,
    "email": "john.doe@islandhr.com",
    "phone": null,
    "dob": null,
    "gender": null,
    "maritalStatus": null,
    "street": null,
    "city": "Kingston HQ",
    "parish": null,
    "country": "Jamaica",
    "trn": null,
    "nisNumber": null,
    "nhtNumber": null,
    "emergencyName": null,
    "emergencyRelationship": null,
    "emergencyPhone": null,
    "designation": "GRADE 1",
    "joinDate": null,
    "status": "Active",
    "employmentType": "Full-Time",
    "payFrequency": "Monthly",
    "currency": "JMD",
    "paymentMethod": "Bank Transfer",
    "bankName": "BNS",
    "bankAccount": "001234",
    "salaryType": "Salaried",
    "baseSalary": "155000",
    "hourlyRate": "0",
    "lunchAllowance": "0",
    "travelAllowance": "0",
    "healthInsurance": "0",
    "pensionPercent": "0",
    "unionDues": "0",
    "departmentId": "957bb60c-735b-4e9c-bae5-48325586fcdd",
    "companyId": "4cb8a69d-c5bd-48bf-8826-b053791ba912",
    "createdAt": "2026-02-13T19:21:53.993Z",
    "updatedAt": "2026-02-13T19:56:23.274Z"
  },
  {
    "id": "e1c83175-32a7-4704-864c-54296ef877ae",
    "employeeId": "EMP103",
    "firstName": "BRUCE",
    "lastName": "WAYNE",
    "middleName": null,
    "email": "bruce.wayne@islandhr.com",
    "phone": null,
    "dob": null,
    "gender": null,
    "maritalStatus": null,
    "street": null,
    "city": null,
    "parish": null,
    "country": "Jamaica",
    "trn": null,
    "nisNumber": null,
    "nhtNumber": null,
    "emergencyName": null,
    "emergencyRelationship": null,
    "emergencyPhone": null,
    "designation": null,
    "joinDate": null,
    "status": "Active",
    "employmentType": "Full-Time",
    "payFrequency": "Monthly",
    "currency": "JMD",
    "paymentMethod": "Bank Transfer",
    "bankName": "JMMB",
    "bankAccount": "774411",
    "salaryType": "Salaried",
    "baseSalary": "450000",
    "hourlyRate": "0",
    "lunchAllowance": "0",
    "travelAllowance": "0",
    "healthInsurance": "0",
    "pensionPercent": "0",
    "unionDues": "0",
    "departmentId": "04b4a3da-454a-440b-814e-fcfc30fe6be2",
    "companyId": "4cb8a69d-c5bd-48bf-8826-b053791ba912",
    "createdAt": "2026-02-13T19:21:54.336Z",
    "updatedAt": "2026-02-13T19:21:54.336Z"
  }
]
