[
  {
    "id": "2b16163d-bc85-4485-89d2-ad79b38b9111",
    "companyId": "4cb8a69d-c5bd-48bf-8826-b053791ba912",
    "processType": "PAYROLL_CALC",
    "period": "Jan-2026",
    "status": "COMPLETED",
    "recordsProcessed": 4,
    "recordsTotal": 4,
    "startedAt": "2026-02-13T18:33:44.350Z",
    "completedAt": "2026-02-13T19:33:44.350Z",
    "errorMessage": null,
    "processedBy": "admin@islandhr.com",
    "createdAt": "2026-02-13T19:33:44.352Z",
    "updatedAt": "2026-02-13T19:33:44.352Z"
  },
  {
    "id": "abdb1cf7-d747-4a40-964c-bf553991b0ae",
    "companyId": "4cb8a69d-c5bd-48bf-8826-b053791ba912",
    "processType": "PAYROLL_CALC",
    "period": "Jan-2026",
    "status": "COMPLETED",
    "recordsProcessed": 4,
    "recordsTotal": 4,
    "startedAt": "2026-02-13T18:23:12.235Z",
    "completedAt": "2026-02-13T19:23:12.235Z",
    "errorMessage": null,
    "processedBy": "admin@islandhr.com",
    "createdAt": "2026-02-13T19:23:12.237Z",
    "updatedAt": "2026-02-13T19:23:12.237Z"
  },
  {
    "id": "cb76b027-156c-4a5f-8b62-5043fe8df2f6",
    "companyId": "4cb8a69d-c5bd-48bf-8826-b053791ba912",
    "processType": "PAYROLL_CALC",
    "period": "FEB-2026",
    "status": "COMPLETED",
    "recordsProcessed": 10,
    "recordsTotal": 10,
    "startedAt": "2026-02-13T21:54:14.268Z",
    "completedAt": "2026-02-13T21:54:16.331Z",
    "errorMessage": null,
    "processedBy": "TEST_SCRIPT",
    "createdAt": "2026-02-13T21:54:14.271Z",
    "updatedAt": "2026-02-13T21:54:16.334Z"
  },
  {
    "id": "d11b3c9e-5a48-44bc-a9be-fd219bf75268",
    "companyId": "4cb8a69d-c5bd-48bf-8826-b053791ba912",
    "processType": "PAYROLL_CALC",
    "period": "Jan-2026",
    "status": "COMPLETED",
    "recordsProcessed": 4,
    "recordsTotal": 4,
    "startedAt": "2026-02-13T18:21:55.195Z",
    "completedAt": "2026-02-13T19:21:55.195Z",
    "errorMessage": null,
    "processedBy": "admin@islandhr.com",
    "createdAt": "2026-02-13T19:21:55.197Z",
    "updatedAt": "2026-02-13T19:21:55.197Z"
  },
  {
    "id": "d7a4e0d5-17fe-4639-9adb-c966f1370162",
    "companyId": "4cb8a69d-c5bd-48bf-8826-b053791ba912",
    "processType": "PAYROLL_CALC",
    "period": "Jan-2026",
    "status": "COMPLETED",
    "recordsProcessed": 4,
    "recordsTotal": 4,
    "startedAt": "2026-02-13T18:56:23.332Z",
    "completedAt": "2026-02-13T19:56:23.332Z",
    "errorMessage": null,
    "processedBy": "admin@islandhr.com",
    "createdAt": "2026-02-13T19:56:23.333Z",
    "updatedAt": "2026-02-13T19:56:23.333Z"
  }
]
