[
  {
    "id": "e442330c-0a13-40c6-99c5-ee1f156d41f8",
    "companyId": "4cb8a69d-c5bd-48bf-8826-b053791ba912",
    "employeeId": "b85841e3-0ffa-4e88-834c-75ff43709c15",
    "terminationType": "Standard Redundancy (Legal)",
    "redundancyPay": "0",
    "noticePay": "195000",
    "totalSettlement": "195000",
    "yearsOfService": 0,
    "reason": "Standard Redundancy (Legal) - Settlement calculated and approved",
    "status": "APPROVED",
    "effectiveDate": "2026-02-13T22:44:51.959Z",
    "approvedAt": null,
    "approvedBy": null,
    "processedBy": "admin@islandhr.com",
    "notes": null,
    "createdAt": "2026-02-13T22:44:51.961Z",
    "updatedAt": "2026-02-13T22:44:51.961Z"
  }
]
