[
  {
    "id": "0e75d549-73c6-4afe-8e83-f82c5afb84b0",
    "companyId": "4cb8a69d-c5bd-48bf-8826-b053791ba912",
    "employeeId": "0b4a22ac-3c47-48f9-a9c4-8289be4edf33",
    "transactionDate": "2026-02-13T19:23:12.224Z",
    "type": "EARNING",
    "code": "BSAL",
    "description": "Basic Salary",
    "amount": "77500",
    "units": "1",
    "rate": "77500",
    "status": "ENTERED",
    "period": "FEB-2026",
    "enteredBy": "admin@islandhr.com",
    "enteredAt": "2026-02-13T19:23:12.227Z",
    "postedAt": null,
    "postedBy": null,
    "createdAt": "2026-02-13T19:23:12.227Z",
    "updatedAt": "2026-02-13T20:43:04.002Z"
  },
  {
    "id": "17008dad-ac84-4ded-8a85-0f61bd825d73",
    "companyId": "4cb8a69d-c5bd-48bf-8826-b053791ba912",
    "employeeId": "0b4a22ac-3c47-48f9-a9c4-8289be4edf33",
    "transactionDate": "2026-02-13T19:56:23.315Z",
    "type": "EARNING",
    "code": "BSAL",
    "description": "Basic Salary",
    "amount": "77500",
    "units": "1",
    "rate": "77500",
    "status": "ENTERED",
    "period": "FEB-2026",
    "enteredBy": "admin@islandhr.com",
    "enteredAt": "2026-02-13T19:56:23.318Z",
    "postedAt": null,
    "postedBy": null,
    "createdAt": "2026-02-13T19:56:23.318Z",
    "updatedAt": "2026-02-13T20:43:04.009Z"
  },
  {
    "id": "26caf915-1a42-4a2b-80a0-a34e856df5f8",
    "companyId": "4cb8a69d-c5bd-48bf-8826-b053791ba912",
    "employeeId": "2184ed4b-4ee7-453a-a305-9a3d5d945066",
    "transactionDate": "2026-02-13T19:23:12.224Z",
    "type": "EARNING",
    "code": "COMM",
    "description": "Monthly Commission",
    "amount": "45000",
    "units": "1",
    "rate": "45000",
    "status": "ENTERED",
    "period": "FEB-2026",
    "enteredBy": "admin@islandhr.com",
    "enteredAt": "2026-02-13T19:23:12.227Z",
    "postedAt": null,
    "postedBy": null,
    "createdAt": "2026-02-13T19:23:12.227Z",
    "updatedAt": "2026-02-13T20:43:04.013Z"
  },
  {
    "id": "3739b0f4-736f-48af-b889-2569d3dc145b",
    "companyId": "4cb8a69d-c5bd-48bf-8826-b053791ba912",
    "employeeId": "2184ed4b-4ee7-453a-a305-9a3d5d945066",
    "transactionDate": "2026-02-13T19:33:44.335Z",
    "type": "EARNING",
    "code": "COMM",
    "description": "Monthly Commission",
    "amount": "45000",
    "units": "1",
    "rate": "45000",
    "status": "ENTERED",
    "period": "FEB-2026",
    "enteredBy": "admin@islandhr.com",
    "enteredAt": "2026-02-13T19:33:44.339Z",
    "postedAt": null,
    "postedBy": null,
    "createdAt": "2026-02-13T19:33:44.339Z",
    "updatedAt": "2026-02-13T20:43:04.018Z"
  },
  {
    "id": "40ab1a66-a5d6-4d32-ace4-24543ab43604",
    "companyId": "4cb8a69d-c5bd-48bf-8826-b053791ba912",
    "employeeId": "0b4a22ac-3c47-48f9-a9c4-8289be4edf33",
    "transactionDate": "2026-02-13T19:21:54.886Z",
    "type": "EARNING",
    "code": "BSAL",
    "description": "Basic Salary",
    "amount": "77500",
    "units": "1",
    "rate": "77500",
    "status": "ENTERED",
    "period": "FEB-2026",
    "enteredBy": "admin@islandhr.com",
    "enteredAt": "2026-02-13T19:21:54.890Z",
    "postedAt": null,
    "postedBy": null,
    "createdAt": "2026-02-13T19:21:54.890Z",
    "updatedAt": "2026-02-13T20:43:04.022Z"
  },
  {
    "id": "53650b4e-b96f-4005-a69d-7debd4e6f2cf",
    "companyId": "4cb8a69d-c5bd-48bf-8826-b053791ba912",
    "employeeId": "2184ed4b-4ee7-453a-a305-9a3d5d945066",
    "transactionDate": "2026-02-13T19:21:54.886Z",
    "type": "EARNING",
    "code": "COMM",
    "description": "Monthly Commission",
    "amount": "45000",
    "units": "1",
    "rate": "45000",
    "status": "ENTERED",
    "period": "FEB-2026",
    "enteredBy": "admin@islandhr.com",
    "enteredAt": "2026-02-13T19:21:54.890Z",
    "postedAt": null,
    "postedBy": null,
    "createdAt": "2026-02-13T19:21:54.890Z",
    "updatedAt": "2026-02-13T20:43:04.026Z"
  },
  {
    "id": "a2e6a03f-0431-42df-a7e2-011ec7b54d74",
    "companyId": "4cb8a69d-c5bd-48bf-8826-b053791ba912",
    "employeeId": "0b4a22ac-3c47-48f9-a9c4-8289be4edf33",
    "transactionDate": "2026-02-13T19:33:44.335Z",
    "type": "EARNING",
    "code": "BSAL",
    "description": "Basic Salary",
    "amount": "77500",
    "units": "1",
    "rate": "77500",
    "status": "ENTERED",
    "period": "FEB-2026",
    "enteredBy": "admin@islandhr.com",
    "enteredAt": "2026-02-13T19:33:44.339Z",
    "postedAt": null,
    "postedBy": null,
    "createdAt": "2026-02-13T19:33:44.339Z",
    "updatedAt": "2026-02-13T20:43:04.030Z"
  },
  {
    "id": "e5069892-d6d9-4d00-9502-42d4a6d56087",
    "companyId": "4cb8a69d-c5bd-48bf-8826-b053791ba912",
    "employeeId": "b85841e3-0ffa-4e88-834c-75ff43709c15",
    "transactionDate": "2026-02-13T22:44:51.990Z",
    "type": "EARNING",
    "code": "RED_SETTLE",
    "description": "Final Settlement: Standard Redundancy (Legal)",
    "amount": "195000",
    "units": null,
    "rate": null,
    "status": "POSTED",
    "period": "Feb-2026",
    "enteredBy": "admin@islandhr.com",
    "enteredAt": "2026-02-13T22:44:51.992Z",
    "postedAt": null,
    "postedBy": null,
    "createdAt": "2026-02-13T22:44:51.992Z",
    "updatedAt": "2026-02-13T22:44:51.992Z"
  }
]
